1018261,,1,1,05828
1009994,18th and Broadway,2,2,69361
1000709,71 Waterwitch Avenue,3,3,07732
1019956,73484 Twentynine Palms Hwy,4,4,92277
1009959,600 E. 2nd Street,5,5,45402
1004950,123 W. Illinois ave.,6,6,60450
1019938,3234 S. LaChance Rd,7,7,49651
1021607,140 W 62nd Street,8,7,60621
1018965,6100 S. Blackstone Ave,8,7,60637
1009004,229 Lake Ella Drive,9,8,32303
1019473,Broadway between Heron & State St,10,9,98520
1010487,Corner of Remsburg Drive & Cummings St,11,10,24212
1019695,22049 Main Street,12,11,70420
1021442,110 W. Main St.,13,11,45693
1019676,103 Carlisle Street,13,12,17325
1019351,103 Carlisle Street,13,12,17325
1019847,100 East Penn Drive,14,12,17025
1008961,"79-7500 Mamalahoa Highway, Unit 1",15,13,96750
1019203,108 Indian Head Road,16,13,08753
1012233,7777 Walnut Grove Rd,17,14,38120
1005258,1201 Ala Moana Boulevard,18,14,96822
1008054,17375 Spring Hill Dr,19,14,34604
1008612,5920 NW 13th Street,20,14,32653
1018304,255 E Basse,21,15,78209
1004070,Corner of 6th Street and State Avenue's Parking Lot,22,16,81101
1021689,4th & Ellsworth,23,17,97321
1019371,208 E. State Street,24,18,47320
1021578,,25,19,64402
1000519,Route 12,26,20,13607
1019113,Broadway & Second Ave,27,21,56308
1021464,2727 JACKSON STREET,28,21,71301
1021597,Clark St. and Lake St.,29,22,54201
1019831,Jefferson,30,23,66749
1019832,807  N. State,30,23,66749
1012389,17675 SW Farmington Rd and SW Kinnaman Rd,30,23,97007
1020150,108 S Main St,31,23,96101
1021309,29 West Butler Pike,31,23,19002
1011171,300 & 400 Blocks of  Main Street,32,24,50010
1003563,186 Recreation Road,33,25,30534
1019438,303 Madison Street,34,25,37115
1012157,Kennedy Common (306 Main),35,26,59711
1005944,611 R Avenue,36,26,98221
1019647,402 N. Murray Ave,37,27,29621
1020084,1505 US-127 N,37,28,40342
1003516,1500 W. Catalpa Ave.,37,28,60640
1020060,41 Central Street,38,29,01810
1019484,6621 Columbia Pike,39,29,
1019096,25 East Cedar St,40,29,55302
1018934,420 Field Street,41,29,54409
1019350,900 Skidmore Drive,42,29,60002
1000431,100 College Avenue,43,29,54911
1021359,Memorial Blvd,44,30,02840
1021733,120 Hillside Avenue,44,30,02840
1021732,35 Dexter St,44,30,02840
1019662,3904 VT-7A,45,30,05250
1019904,85 Parade St,46,30,02909
1019222,2400 Bradley Beach Road,46,30,63010
1019495,Artisan Alley,47,30,32720
1020068,1966 Broad Street,48,30,30904
1009810,125 Front St,49,30,01721
1021627,12th and Commercial St.,50,30,97103
1001245,3300 Aggie Road,51,31,72401
1002984,Between 5th and 6th Streets on the south side of Main Street,52,31,66002
1005086,1002 East State Street,53,31,45701
1018033,271 W Hancock Ave,54,31,30601
1018032,705 Sunset Dr,54,31,30606
1021450,30355 N 3rd Street,55,32,83801
1018330,201 County Street,56,32,02703
1021225,3528 Larga Ave,57,32,90039
1019789,1140 Auburn Way S,58,32,98002
1021329,170 Main Street,59,32,13026
1000559,2031 S. Elliott Ave.,60,32,65605
1021534,9607 RESEARCH BLVD,61,32,78759
1019396,8190 E US Highway 36,62,32,
1019126,"281 COUNTRY CLUB RD., C/O AVON LIBRARY",63,33,06001
1021528,12530 Black Forest Rd,64,33,80908
1021530,13710 Black Forest Road,64,33,80908
1021529,6845 Shoup Road,64,33,80908
1019044,201 Grant Ave,65,33,46105
1019076,Main St. and 6th Ave.,66,33,54002
1021338,5300 Ballard AVE NW,66,33,98107
1021521,12205 Heritage Hwy,67,33,29003
1012081,Corner of Franklin and Harlow Streets,68,34,04401
1021582,3782 Winding Creek Ln,69,34,95633
1001604,14 Birdsall St.,69,34,08005
1020029,30 N. Broad St,70,34,30680
1003335,101 Midland Avenue,71,34,81621
1019871,200 Clark St.,72,34,68714
1000436,1302 Chestnut Street,73,34,78602
1021540,North River Street,74,34,60510
1021265,Main and Boehringer Street,75,34,47006
1021443,25 S McCamly St,76,34,49017
1019617,500 Baybrook Mall Drive,77,34,77546
1019874,Indian Creek Mall 2205 N 6th St,78,34,68310
1020102,26 Hwy 52 W,79,34,41311
1018735,,79,34,77707
1019875,,80,34,
1020097,Hwy 231 South,81,34,42320
1021630,4801 Franklin Avenue,82,34,50310
1019853,209 Route 101,83,35,03110
1019400,3055 River Road,84,35,07921
1010607,2 South Bond Street,85,36,21014
1011902,1815 M St.,86,36,66935
1021363,Main and 4th,87,36,48111
1008140,1207 10th Street,88,36,98226
1002064,5429 State Route 19N,89,36,14813
1011363,Memorial Park,90,36,64012
1001316,Union Square Parking Lot--2nd Street & Paul Bunyan Drive,91,36,56601
1001533,First Street between B & D Streets,92,36,94510
1018644,Elm and Harrison,93,36,68317
1021403,100 N. Main Street,94,36,72712
1005183,129 Fairfax Street at Washington Street/522,95,37,25411
1019005,12290 Sylvania-Metamora Rd,96,37,43504
1021628,11 Sullivan St.,97,37,03901
1019168,1st Avenue N and 19th Street,97,38,35020
1019169,995 9th Ave SW,97,38,35022
1019967,213 N Priaire St,98,38,62010
1021322,601 castle court,99,39,19930
1010406,7600 Arlington Road,99,39,20814
1012494,Intersection of New and Morton Streets,100,39,18015
1020196,9300 Civic Center Dr,100,39,90210
1019765,E Main St and S Dawson Ave,101,39,43209
1005949,42900 Big Bear Blvd,101,39,92315
1019338,101 Lakeshore Drive,102,39,55309
1019339,311 Lake Street South,102,39,55309
1019591,25 Concord Road,102,39,01821
1021508,226 N Water St,103,39,19508
1011037,,104,40,58501
1012163,5 Stillwater Road,105,40,07825
1011829,5050 Liberty Ave,106,40,15224
1018396,401 N MortonSt,107,40,47404
1018563,1601 S Rogers St,107,40,47403
1019932,4335 Glendale Milford Road,108,40,45242
1020098,1837 Plaudit Place,109,40,40509
1019372,102 S Main St,109,40,45817
1019440,360 N Main St,110,40,46714
1018092,1415 Key Highway,111,40,21230
1018313,10TH & GROVE  - SUMMER MARKET,112,40,83702
1018316,516 S. 8th Street,112,40,83702
1020101,1961 Burlington Pike,113,40,41005
1006833,7th and Story Street,113,40,50036
1019318,1931 Boone Village Shopping Center,114,40,65233
1019693,90 Town Center St,115,40,24083
1018394,6th Street and Main Street,116,40,58318
1001526,304 N. Main Street,116,40,59632
1019165,15200 Annapolis Road,117,40,20715
1020096,2420 Center Street,118,40,41129
1020099,10699 US-60,118,40,41102
1019205,319 N. Lake St,119,40,49712
1021248,5401 south braeswood,119,40,77096
1018227,1 JFK Memorial Dr,120,40,02184
1002407,570 Western Ave.,121,40,05301
1011075,80 Flat St.,121,40,05301
1020113,3215 Quicksand Road,122,40,41339
1018556,1400 Park Ave,123,40,98337
1019146,1 Vogt Drive,123,40,08807
1018756,20 N Main Street,124,41,84302
1005483,"Hitchcock Free Academy, a community center parking lot, at  2 Brookfield Rd.",125,41,01010
1019905,807 Broad St.,125,41,02907
1019257,161 S Main St,126,41,22815
1019984,45 School St,127,41,02301
1019794,925 E. Mt. Vernon Avenue,127,41,43203
1019527,15786 HWY 101 SOUTH,128,41,97415
1021210,Centre Street West PArking Lot,128,41,02446
1021736,6425 Wornall Road,129,41,64113
1018891,15487 Citrus Way,129,41,34614
1021515,116 Main Street,129,41,47012
1021262,840 Upper Front St,130,41,13905
1019906,201 Thayer St,130,41,02906
1019727,61 N. Green Street,130,41,46112
1017968,Corner of Hwy 8 and N Alvey Street,131,41,54819
1008607,277 Pleasant Hill Rd,131,41,04011
1021311,775 Lancaster Avenue,131,41,19010
1019218,100 N. First Street,132,41,23664
1008953,99 Main Street,133,41,04416
1000843,"150 N. Third Street Burbank, CA 91502",133,41,91502
1019492,5671 Roberts Parkway,133,41,22015
1021524,626 County Road,134,42,57523
1019965,345 Pine Street,135,42,05401
1021728,75 Tinkham Lane,135,42,02830
1002567,701 Cedar,135,42,36037
1001362,Uptown Butte,136,42,59701
1021238,7930 Fall Creek Bend,136,42,77396
1021614,2022 S Scott St,137,42,46613
1020089,7 0 Main Street,138,42,42211
1004927,600 Cagan Park Ave.,138,42,34714
1019922,891 Mountain Ranch Road,139,42,95249
1019978,505 S. Algiers St.,139,42,95247
1018263,Pearl St,139,42,05819
1019980,3920 N Greenbay Rd,140,42,53404
1020188,"California Avenue, at El Camino",141,42,94306
1018459,22810 Three Notch Road,142,42,20619
1019997,2220 Ventura Blvd.,143,42,93010
1020160,1000 Main Street,144,42,93428
1020183,Camden Avenue and Union Avenue,144,42,95124
1002674,333 Erlanger Ave. (corner of 3rd. St.),144,42,70458
1021575,Burke Junction Shopping Certer,144,42,95672
1020117,7634 Alexandria Pike,145,42,41001
1020118,3504 Alexandria Pike,145,42,41075
1020119,709 Monmouth St,145,42,41071
1020184,Campbell Avenue & Central Avenue,145,42,95008
1009034,200 Harding Street,146,42,01604
1019810,36 East Canal Street,147,42,43055
1021202,127 West Center Street,148,42,14103
1012038,7248 Owensmouth st,148,42,91303
1019772,500 North Ridge Road,148,42,48188
1021435,300 Market Ave N,149,42,44702
1021294,SE 47th Terrace & SE 10th Place,149,42,33904
1021655,35 S Spanish Street,150,42,63703
1011930,126 West Loockerman Street (Loockerman Way Plaza),151,42,19904
1018359,1300 Pennsylvania Avenue,152,43,20004
1008450,3690 The Barnyard,153,43,93923
1006651,Corner of Bird and Stossel,153,43,98014
1019417,6619 hwy 29 north,153,43,29669
1021269,301 W Main St,154,44,27510
1008322,Carrollton Uptown Square,155,44,64633
1021213,3rd & Curry St.,156,45,89703
1020071,94 FAIRGROUND DR,157,45,41143
1020074,131 Jessica Lane,157,45,41164
1012093,108 Main St.,157,45,02330
1021740,2325 Boston Neck Rd.,157,45,02874
1008276,3070 11th Ave Dr. SE,158,45,28602
1019159,4965 Catawba Creek Road,159,45,24070
1021242,6770 Cave Spring Rd SW,160,45,30124
1012484,Corner Of NW Cornell and Murray Roads,160,45,97229
1019842,1046 Cedar Point Blvd.,161,45,28584
1021362,1001 W Market St.,162,45,45822
1018734,142 N Ohio Street,163,45,75009
1021226,4301 S Central Ave,163,45,90011
1019907,559 Dexter St,163,45,02863
1019618,2251 NW Bucklin Hill Rd,163,45,98383
1020142,401 S. Pavilion Way,164,45,92262
1020141,2300 E. Baristo Rd,164,45,92262
1020058,NE Corner Friant and Ft Washington,165,45,93730
1020057,SE Corner Blackstone and Nees,165,45,93720
1020056,SE Corner Blackstone and Nees,165,45,93720
1019225,Challis City Park,166,45,83226
1021267,501 U.S Route 2,167,45,05486
1021564,185 US Route 2,167,45,05458
1018886,100 block of South Samuel Street,167,45,25414
1017995,,167,45,72933
1021741,4150 Old Post Road,167,45,02813
1011689,1801 Yorkmont Road,168,45,28217
1005834,1652 Main Street Rte 28,169,45,02633
1019881,,170,45,
1004754,Corner of Rte 110 and Rte 113,170,45,05038
1008606,near 6701 Mimms Loop,171,45,23832
1021310,7673 Germantown Avenue,172,45,19118
1020128,2nd and Wall Streets,173,45,95927
1020129,North Valley Plaza Mall,173,45,95926
1020127,6491 Clark Road,173,45,95969
1001763,East Lee Highway between Chestnut and Pine Avenues (Warrior Park),174,45,24319
1019104,308 North Main Street,175,45,28023
1008409,1 S. Bridge Street,176,45,54729
1021237,6730 Church St,176,45,30134
1004360,603 Church Street,177,45,23824
1021653,8445 SW 80th Street,178,45,34481
1019141,200 Sanborn Street,179,45,29501
1005250,Alapai & Beretania Street,179,45,96813
1021199,4325 Wightman St.,180,45,92104
1019717,1150 South Gay Street,180,45,36830
1004255,700 S. Railroad,181,45,80537
1017956,"St. Anthony Municipal Parking Lot, at the intersection of Rte. 8 (Marshall St.) and St. Anthony Drive",182,45,01247
1017930,1529 Brownsville Road,182,45,15210
1000303,15500 County Road 6,183,45,55447
1021433,7221 Broadview Road,184,45,44131
1021420,24800 Jeffereson,185,45,48080
1006460,"Clark Avenue, between 2nd and 3rd Street",186,45,55110
1005940,corner of Whalley Ave. and West Rock Ave.,187,45,06515
1005941,Corner of Front St. and Grand Ave.,187,45,06513
1019206,115 Water St,187,45,06511
1005943,DePalma Ct. between Chapel St. and Wooster St.,187,45,06511
1002106,Harvard Avenue Between Bonita and First Streets,187,45,91711
1019061,14 North Street,188,45,03743
1000579,"New Town lot, 10717 Main St. (route 5)",189,45,14031
1019840,"Beachview Park, Chestnut St",190,45,99403
1021441,720 5th Street,191,45,67432
1019110,141 S Ridgeway Drive,192,45,76033
1019741,1150 S Peace Haven Road,193,45,27012
1019704,"3400 Connecticut Ave NW, Washington, DC 20008",193,45,20008
1018381,"971 Route 146, Shenendehowa United Methodist Church parking lot ",194,45,12065
1019823,20 West Park Row,195,45,13323
1019763,N High St and W Dunedin Rd,195,45,43214
1000549,21 College Street,196,45,36311
1002808,7500 Security Blvd.,197,45,21244
1019474,900 Barring Avenue,198,45,18508
1018969,650 Ten Rod Rd.,198,45,02852
1019821,2325 Boston Neck Rd,198,45,02874
1020135,225 Cabrillo Highway,199,45,94019
1020137,450 Old County Road,199,45,94044
1021232,801 SE Larch Avenue,200,45,99324
1001290,Main St. and Route 179,200,45,06019
1000210,7350 Pine Creek Road,200,45,80919
1009656,215 S. Tejon,200,45,80903
1018196,5th Street & Riverside Drive,201,45,38401
1019790,1769 West Ash Street,201,45,65203
1010758,10800 Airport Road,202,45,95310
1019483,14 st and 26 Ave,203,45,68601
1019199,202 N. East Avenue,204,45,66725
1020124,10th Street Memorial Park,205,45,95932
1011003,9079 HWY377,206,45,76240
1021541,831 SE Salmon St,207,45,97214
1019592,Main Street,208,46,38619
1019042,800 Main Street,208,46,06103
1012030,1029 2nd Ave,209,46,29526
1021396,150 Amity Rd.,210,46,72032
1006766,"320 Central Ave., Suite 410",211,46,97420
1018190,1513 7th St,211,46,52241
1021639,1370 N Adair St,211,46,97113
1012666,100 N Shoreline Blvd,212,46,78401
1008959,Main and Elm Streets,213,46,81321
1021691,1st & Jackson,213,46,97330
1018629,Old Redwood Hwy and W Sierra,214,46,94931
1010975,47 Doster Road,214,46,36311
1004382,1832 Massachusetts Street,214,46,66044
1018221,609 Dixie Street,214,46,30117
1000368,1642 16th St,215,46,54812
1019530,1175 W Exchange St,216,46,44302
1019529,4040 Riverview Rd.,216,46,44264
1019531,21 Furnace Street,216,46,44308
1019258,2315 Ira Rd.,216,46,44333
1019325,2299 South St.,217,46,06238
1019296,3rd and Greenup Street,218,46,41011
1012552,3821 SOUTHWEST BLVD,219,46,
1009993,410 W 9th St.,219,46,69130
1019130,"Decks Reserve Carpark, Wallace Street, Mouteka",220,47,70105
1021330,100 W Pike St.,220,47,47933
1021331,400 Parke Avenue,220,47,47933
1021227,3650 W Martin Luther King Jr Blvd,220,47,90008
1019260,200 Broadway Street,220,47,70118
1019261,1235 N. Peters,220,47,70116
1019262,200 Broadway Street,220,47,70118
1002470,Front Street and Garrison Street,221,47,43420
1021391,"705 E. Union Avenue, Room 2",222,47,72396
1012365,Anne St. at University Blvd. E,222,47,20912
1001869,"Depot Park, Woodstock & Williams Streets",223,47,60014
1021346,Main Street in Culver City,223,47,90232
1019701,819 E. Lake Shore Drive,224,47,46511
1019702,107 N Main Street,224,47,46511
1020109,819 S Main Street,224,47,42717
1021387,11501 E Washington Street,224,47,46229
1019539,1817 Front Street,224,47,44222
1021408,206 West 3rd St.,225,47,71742
1004516,120 White Street,226,47,06810
1019163,120 N Front St,227,47,
1012505,Main Street,228,47,53530
1018157,North Park Mall east entrance,229,47,52804
1019880,,229,47,68632
1012254,Ash  and 8th street,230,47,56232
1019100,Kestrel Rise Rd. and Daybreak Pkwy/W 11400 S,231,47,84009
1021457,520 N. Main St.,231,47,63020
1018945,22271 West Village Drive,231,47,48124
1019970,308 Clairemont Ave,232,47,30030
1021570,Heivly Street,233,47,52101
1012296,DeForest Street,234,47,53532
1011103,2nd and Locust Streets,234,47,60115
1002536,1410 Del Monte Center,234,47,93940
1020061,1709 W Douglas,235,47,67213
1018416,605 S Railroad (Hwy 330),236,47,70528
1019308,332 Kenwood Ave,237,47,12054
1020191,"NE 2nd Avenue, half block east of Atlantic Avenue",238,47,33444
1021591,9421 18th Ave SW,238,47,98106
1021649,317 w Mulberry St,239,47,76201
1007255,22307 Dock Ave S,239,47,98198
1003628,3233 Alpine,240,47,48130
1021318,1600 East Moyamensing Avenue,240,47,19148
1021261,12921 North Street,241,47,47018
1018958,1 N. 2nd Street,241,47,17019
1019458,136 N Bridge St,242,47,48821
1018816,5401 Courthouse Circle,243,47,31023
1019742,327 N. Iowa Street,244,47,53533
1019439,390 Main Street,245,47,81324
1019964,FW Gestrin and E. Roseberry Rd,246,47,83615
1018706,1353 Dorchester Avenue,247,47,02122
1020111,2999 Darbytown Road,248,47,23231
1003046,118 S. Main St,249,47,53118
1009829,550 Central Avenue,249,47,03820
1009894,W. 23rd Street off 9th Avenue,250,47,10011
1021296,Parking lot off Union Turnpike,251,47,11366
1010954,Parking Lot off Chatsworth Ave.,252,47,10538
1016793,Harbor Island Park,252,47,10543
1010969,At the center of the park,253,47,11222
1010972,110th Street and Manhattan Avenue,253,47,10026
1010958,Thomas Paine Cottage Museum,253,47,10804
1016792,Near the corner of Spring & Main Streets,253,47,10562
1009895,4th Street at 5th Avenue,253,47,11215
1010982,Dahlia Avenue at Main Street,253,47,11355
1010960,Parking lot off Theodore Fremd Ave.,253,47,10580
1016867,1 Park Lane,254,47,19335
1019667,14801 Main Street,254,47,32615
1009043,Park Avenue and Harrison Avenue,254,47,48101
1003643,"300 block of State Street, 400 block of East Grand Avenue, Gantry parking lot",254,47,53511
1020064,1947 Center St.,255,47,94704
1020000,200 N. Main,256,47,61701
1020001,101 S. Madison,256,47,61701
1019370,202 N. Buffalo St.,257,47,75103
1019944,,257,47,95928
1021401,718 Parkway,257,47,72032
1000841,701 W. Main St.,258,47,75020
1019401,S. Spring Ave,258,47,60120
1021631,University Place at Oak Street,258,47,60201
1008853,"3rd, 4th and Bond Sts.",259,47,47708
1002400,206 S 4th Street,260,47,42071
1019032,101 North Main Street,260,47,29720
1019856,on the court square at 4th Street and Maple Street,260,47,42071-0002
1019216,Melody Lane and Marina Square,261,47,34950
1012243,Main Street from Western Ave. to Sheboygan St.,262,47,54935
1012256,Main Street Plaza,262,47,54935
1019654,200 S. Washington Street,263,47,54301
1019341,US 50 and Park Streets,263,47,47025
1019083,7 Town Square,263,47,45801
1009757,2103 Main Street / Historic Red Caboose Site,263,47,39110
1018930,112 S. Third St.,264,47,49855
1003977,Corner of Hwy 101 & Angle St,264,47,72112
1018621,7th Street behind the CVS between Grant Ave & Novato Blvd,265,47,94947
1019721,"Gilman St, between Hamilton and Forest",265,47,94301
1021716,721 N Central Ave,266,48,85004
1021411,Railyard Park,266,48,72756
1005281,Cedar St & Lincoln St.,267,48,
1019525,Yakima Ave & S 3rd Street,268,48,98901
1019729,421 Linden St.,269,48,38225
1004676,3100 Swann Drive,269,48,21217
1005358,4201 Central Parkway,269,48,94568
1005197,Iowa Street between 10th & 13th Streets,270,48,52001
1019994,Gitch ode' Akiing formerly known as Lake Place Park 214 E Superior Street,271,48,55802
1018953,259 W 9th Street,272,48,81301
1000312,501 Foster Street,273,48,27701
1009830,"Jackson Landing, 10 Old Piscataqua Road",273,48,
1012345,16201 Main St. NE at Taylor Landing,273,48,98019
1019082,40 East Center Street,274,48,89406
1019870,5th St. and Hwy 34,274,48,68347
1021275,13555 Valley Lodge Parkway,274,48,77346
1018159,572 Stokeswood Avenue,275,48,30316
1021303,Across from 201 Border St.,275,48,02128
1021414,250 Sumner street,275,48,02128
1011673,2600 Navigation Blvd.,275,48,77003
1019079,Between 10 and 20 Community Way in parking lot,276,48,12061
1020133,Hollywood Blvd. and Western Ave.,276,48,90028
1011113,511 Woodland Street,276,48,TN
1019510,44 City Hall Plaza,276,48,07018
1020172,2555 Pulgas Avenue,276,48,94303
1012717,2757 East Point St.,276,48,30344
1019094,760 E Water St Elmira,277,48,14901
1021300,17701 SE Mill Plain Blvd.,278,48,98683
1019125,4927 - 5089 Transit Road,278,48,14221
1021698,50 Payson Ave,279,48,01027
1009867,128 Larry Holmes Drive,280,48,18042
1019624,2020 MLK Jr. Ave,281,48,37915
1021710,660 Douglas Pike,281,48,02917
1021228,1146 Logan St,281,48,90026
1012783,200 North Broad St,282,48,27932
1012160,5th Ave between Main and Bell & Bell St. between 5th & 6th Ave,283,48,98020
1019118,7809 Highway 42,284,48,54209
1021652,"1051 Greenfield Drive, ",284,48,92021
1021574,Town Center Blvd.,284,48,95762
1019936,10700 Main Street,284,48,91731
1012634,Corner of Edgington Ave. and 14th Street,285,48,50627
1019921,,285,48,78621
1021587,301 NIBCO Parkway,286,48,46516
1018900,Main ST,286,48,06029
1018898,11 Pinney St,286,48,06029
1020112,2944 S KY 7,287,48,41171
1018717,Elm Street,287,48,02465
1021207,Elmwood and Bidwell,287,48,14221
1002657,235 Main St,287,48,18049
1002769,10234 Front Street,288,48,49630
1019398,931 E 4th St,289,48,64801
1012045,17400 Victory Blvd,289,48,91406
1018940,,290,48,
1019684,70 Pisgah Hwy,291,48,28715
1018765,104 North McKinney Street,292,48,75119
1019687,1600 1st Street,292,48,98022
1006678,1105 N.Railroad  Avenue,293,49,87532
1003568,664 Wade St,294,49,97023
1020053,514 N Hwy 3,295,49,96027
1019954,44 Kingshighway,295,49,72632
1010195,200 South Main Street,296,49,49631
1005267,91-955 North Road,296,49,96706
1007798,"Swasey Parkway, off Water Street",296,49,
1019081,On The Green,297,49,05777
1018622,124 Bolinas Avenue,297,49,94930
1019186,10500 Page Avenue,297,49,22030
1019049,50 N. Pine St.,298,50,74343
1018562,319 W. Hastings Rd.,299,50,99218
1019457,600 Fallbrook Blvd,299,50,68522
1010889,E Falls Park Drive and N 2nd Ave,300,50,57101
1019841,7802 Marsh Road,300,50,46278
1021514,120 S Kimball Ave,301,50,83605
1019499,310 S. Manning Blvd,301,50,12206
1019523,221 N. Main St,302,50,88001
1018937,12700 Denton Drive,302,50,75234
1019436,33955 Community College Dr.,303,51,99669
1021666,301 4th St,304,51,47932
1021734,301 4th St,304,51,47932
1018131,750 Aurora Avenue,305,51,60540
1020104,101 E. Depot Street,305,51,40069
1021388,620 N Apple Street,305,51,46140
1019705,8711 E Pinnacle Peak Road,305,51,85252
1005069,40 Calhoun Street,306,51,29910
1021404,Hwy. 72 east,306,51,72736
1021620,412 West Main Street,306,51,47250
1005159,2144 E Republic Rd,307,51,65804
1021538,Historic 25th Street and Grant Avenue,308,51,84401
1021581,1225 W Grand Parkway S,308,51,77494
1019993,1099 Legion Park Road,309,51,42743
1020079,105 Merchant Street,310,51,42728
1020080,105 Merchant Street,310,51,42728
1021595,5855 Sienna Springs Way,311,51,77459
1019862,2A N Hanover St,311,51,17013
1018427,"Eastern Gateway Community College, 4000 Sunset Boulevard",311,51,43952
1016870,46-2600 Hawaii Belt Highway,311,51,96727
1021460,101 E East St,311,51,43160
1019800,401 N Central Ave,311,51,47331
1012627,East Camden,312,51,27312
1002721,"St. John's Church, Hwy. 9",312,51,95018
1018973,"Plaza 501, 501 S. Florissant Rd.",312,51,63135
1021676,27021 Kanis Rd,313,51,72223
1021665,300 Cottonwood Lane,314,51,89408
1020193,1 Ferry Building,315,51,94111
1012308,942 Main Street,316,51,12043
1019771,1445 Compton Road,317,51,45231
1018193,West Fifth Street,318,51,44882
1020008,315 W Simcoe,318,51,70501
1019677,15615 East 21st Street North,318,51,67230
1004377,9116 Hwy 42,318,51,54212
1019914,1011 Point Judith Rd,318,51,02882
1019897,1384 Elizaville Rd,319,51,41041
1020091,361 N. Lake Drive,319,51,41653
1020065,400 Block Lafollette Station,319,51,47119
1021453,2200 W Fond du Lac Ave,320,51,53206
1019123,200 S. David St.,321,51,82601
1000958,15583 Forest Road,322,51,24551
1021638,2030 Main St,322,51,97116
1021504,1840 Ardmore Blvd,322,51,15221
1002803,1650 Ashwood Blvd.,323,51,22911
1018989,,323,51,
1021680,2nd and Gartison Ave,324,51,72901
1018505,213 E Sumner Avenue,325,51,88119
1019101,17 E School St.,325,51,60020
1002880,534 North Main Street,326,51,48734
1019298,404 Wilkinson Blvd.,326,51,40601
1019147,Parking Lot 2 Blocks West of the Courthouse,326,51,46131
1021654,1777 East Broad Street,326,51,43203
1020092,304 N Main St,327,51,42134
1020007,2000 W. Franklin Street,327,51,47710
1021565,102 S Church St,327,51,46044
1012429,453 Freedom Pkwy NE,327,51,30307
1018415,1102 W 32nd Street,328,51,64801
1021353,421 West River Drive #32,328,51,52801
1019600,2032 Central Plaza,329,51,78130
1019404,"213 F Street, Antioch",330,51,94509
1012466,,330,51,
1018671,1624 20th St NW,330,51,20009
1011730,1100 S Friendswood Dr.,331,51,77546
1021552,801 Cochran Ave,331,51,41075
1019762,301 E Wayne Street,331,51,46802
1019285,216 W Douglas Ave,331,51,46802
1019998,9035 Bois d'Arc Lane,331,51,77406
1018121,,331,51,46975
1019949,91 South St.,331,51,10038
1006661,1145 East Fulton,331,51,49503
1021590,121 N Main St.,332,51,27526
1021444,210 W 7th St,332,51,66739
1021730,210 W 7th St,332,51,66739
1019630,160 W Franklin St,333,51,37066
1011814,1370 Galleria @ Tyler,333,51,92503
1018970,1210 Fleming,334,51,67846
1018831,136 E Washington St,334,51,66030
1019728,2345 Pagoda Dr,334,51,46225
1021662,135 N Kedzie Ave.,334,51,60612
1020095,117 Lexington RD,335,51,40444
1019587,1028 E Main Street,336,51,46933
1021677,602 East Jefferson Ave,337,51,71854
1021416,1327 S. 18th Street,337,51,54812
1012033,122 Screven St,338,51,29440
1019602,6719 W. Montgomery,339,51,77091
1019603,6402 Market St.,339,51,77020
1019604,3810 W. Fuqua St.,339,51,77045
1019605,7037 Capitol St. 77011,339,51,77011
1019606,9720 Spaulding St. 77016,339,51,77016
1019607,6400 High Star Dr.,339,51,77074
1019608,9314 Cullen St. 77051,339,51,77051
1021461,222 N Ash St,339,51,85234
1021284,1385 NH Route 140,340,51,03237
1008573,602 NE 70th Street,340,51,64118
1002767,6394 Western Ave.,340,51,49636
1005588,201  W CHASTAIN BLVD. WEST,341,51,35905
1019710,10 Sanford St,341,51,12801
1019414,,341,51,60626
1021364,1095 Ives Rd,341,51,02818
1020050,9150 Garland Road,341,51,75218
1019833,411 Rosie Park Way,342,51,55027
1021350,Corner of 13th and Main,343,51,83330
1021308,6300 Ridge Avenue,343,51,19128
1012253,South Church and Main Street,343,51,10924
1021392,505 S. Main St.,344,51,72160
1005937,11 Golf Course Road,345,51,55744
1017947,2080 Westover Ave SW,346,51,24015
1021484,1040 Grant Street SE,346,51,30315
1019989,W.145th. Street between Edgecombe & Bradhurst Aves.,346,51,10031
1009808,Peskeomskut Park,346,51,01376
1021456,909 National Pike West,346,51,15417
1006059,317 Washington St.,346,51,13601
1021289,902 7th Ave.,347,51,80631
1021319,1817 N. Clark St,347,51,60614
1021320,115 S. Sangamon St,347,51,60607
1004849,1071 Piedmont Ave NE,347,51,30309
1006997,617 Michigan Avenue,347,51,56484
1019805,25 Crescent Road,347,51,20770
1019132,42 Carmen Place,347,51,22968
1018472,739 Third Street,347,51,70053
1021382,833 4th Ave,348,51,50112
1021536,4411 Kikowaena St,349,51,96766
1019088,4000 Gus Young Ave,350,51,70802
1021247,3647 Karleen Rd,350,51,30815
1018619,400 Block of South River Park Drive,351,51,52052
1005265,99-795 Iwaiwa Street,351,51,96701
1001804,209 South Main Street,352,51,24558
1021584,Hamilton Park,353,51,07302
1019673,345 High Street,353,51,45011
1018774,7165 Ramsey Street,353,51,28310
1019738,106 Western Ave.,353,51,04444
1019209,7400 Hampton Blvd.,353,51,23505
1001597,1st Street NW and 1st Ave. NW,353,51,50441
1021583,Hana Highway,354,51,96713
1006425,55299C Kuhio Hwy,354,51,96714
1019065,200 West Main Cross,354,51,45840
1019148,210 East Chestnut Street,354,51,17331
1019533,647 E. Market Street,354,51,44304
1019770,381 Ontario Street,354,51,44310
1019154,4525 Knoll Rd,354,51,46809
1018380,850 West Central Texas Expressway,355,51,76548
1021696,218 E Tyler Ave,356,51,78550
1021555,121 E. Main Street,357,51,48625
1020122,364 Oddville Ave,358,51,
1020125,111 S Main St,358,51,
1020107,Main Street,359,51,42765
1011782,1001 N Oaks Ave,359,51,57033
1019383,W. 125th Street & Adam Clayton Powell Blvd,359,51,
1019373,Brooklyn Avenue & Prospect Place,359,51,
1019374,Lafayette btwn Waverly & Washington,359,51,
1019366,Asch Loop & Aldrich Street,360,51,
1019375,Ocean Pkwy btwn Shore Pkwy & Avenue Z,360,51,
1019380,E. 104th Street & 3rd Avenue,360,51,
1019381,Lenox Avenue btwn W. 136th & W. 138th Street,360,51,
1019377,E. 163rd btwn Southern & Bruckner Boulevards,360,51,
1019378,1400 Pelham Parkway,360,51,
1019376,Clarkson Avenue btwn E. 37th & E. 39th Street,360,51,
1019382,Lenox Avenue btwn W. 117th & W. 118th Street,360,51,
1002339,97-99th Street and 2nd Ave.,360,51,
1002335,Mt. Eden Pkwy & Morris Avenue,360,51,
1005332,E. Mosholu Pkwy N. & Jerome Avenue,360,51,
1019379,E. 149th Street & Eagle Avenue,360,51,
1002345,Broadway btwn W. 138th & W. 139th St,360,51,
1009660,300 Keahole Street,360,51,
1018282,Franklin Avenue & Summit Street,361,51,44240
1020044,"1435 E Main St, ",361,51,44240
1021431,4055 South Roy Wilson Way,361,51,46163
1021671,200 Market Square,361,51,43054
1021672,150 W Main St,361,51,43054
1021211,73 Monument Place,362,51,22473
1019786,250 South Main,363,51,84032
1019757,1200 N. Vista St.,363,51,90046
1019192,100 North King Street,364,51,28739
1019895,,364,51,
1021286,Main Street,365,51,56136
1019802,17004 York Rd,365,51,
1021282,"507 W B St,",366,51,69001
1020174,1313 N. Mill St.,367,51,40741
1003684,12505 N Main St   91739,367,51,91739
1019234,418 Main Street,368,51,85938
1006285,2535 Highway 51 South,369,51,38632
1019486,768 Lynn Street,369,51,20170
1021355,5355 W. Herriman Main St.,369,51,84096
1020026,2001 Lock B Road North,369,51,37043
1019224,18422 Bear Valley RD,369,51,92395
1019220,901 N Main Street,370,51,27262
1012260,115 NE Railroad Avenue,370,51,32643
1006831,61 Highland Center Drive,371,51,24465
1021327,Highlands Ranch Pkwy and Dorchester Rd,371,51,80129
1018951,1118 1st Ave,371,51,50563
1019688,5137 Glade Chapel Road,371,51,63050
1019959,1st Ave and NW Lincoln St,371,51,97124
1019962,6125 NE Cornell Rd,371,51,97124
1021249,1405 SW Vermont St,371,51,97219
1019669,"S Commerce St, Hinesville, GA 31313",372,51,31313
1008020,96 Otis Street,372,51,02043
1005076,30 E. Chicago Ave.,372,51,60521
1019330,121 Orange Street,373,51,71901
1021208,Grove PATH Plaza,373,51,
1010937,272 N. Court St.,374,51,48446
1021533,"5th Street, between Ferry and Columbia",375,51,47901
1021509,,376,52,
1021511,36707 Crooked Hammock Way,376,52,19958
1021512,Savannah Rd. and Sussex Ave.,376,52,19958
1021516,Dupont and Johnson Avenues,376,52,19958
1011761,67 West Henderson Street,377,52,28752
1018972,1 E Water St,378,52,47630
1008980,101 S Market St.,378,52,64040
1021547,Montgomery and Allegheny Street (near the Diamond),379,52,16648
1019302,Crapo Park,380,52,48442
1018853,300 West Ballentine Street,380,52,27540
1021229,1600 Ivar Ave,380,52,90028
1018458,21078 Three Notch Road,380,52,20653
1007267,Ocean Drive,380,52,99603
1009663,Martin Ave and Chestnut Rd,380,52,60430
1012076,5th Street & Columbia Street,381,52,
1019819,67212 E. HWY 26,381,52,97067
1021705,691 Main Street,381,52,02885
1021711,1015 Hope St,381,52,02906
1012041,33 14th Avenue North,381,52,55343
1020100,110 W 9th Street,382,52,42240
1008366,Main Street and Ash Street,382,52,01748
1019313,c/o Rajni Lerman,383,52,57747
1018200,498 Howard St.,384,52,29303
1005674,Corner of Columbia and Sixth Streets,385,52,12534
1018152,2051 Huguenot Road,385,52,23236
1019990,2051 Huguenot Road,385,52,23235
1021610,1237 E Main St,385,52,62901
1021612,2421 W Main St,385,52,62901
1019056,111 Mine Street,386,52,08822
1010598,842 Penn Street,387,52,16652
1021268,11712 Coral Street,387,52,60142
1019586,208 East Street,388,52,78634
1021635,903 E. US Hwy 80,389,52,75693
1011325,4310 Gallatin Street,389,52,20781
1021703,2700 Erie Avenue,389,52,45208
1012621,2nd Street,390,52,51445
1006417,A - D St. Memorial Drive,391,52,83402
1005080,120 N Main,391,52,48444
1020136,139 North Main Street,392,52,42064
1019011,100 1st St. W,393,52,50644
1019236,211 W. Truman Rd.,393,52,64050
1018772,144 JOHN RUST RD,393,52,12842
1019861,8th & Church St.,394,52,15701
1004384,South Steele Street and Adams Street,395,52,48846
1012626,Corner of Rocksylvania Ave. anb Stevens St.,395,52,50126
1019340,410 Livoinia Ave,395,52,11212
1003680,1730 10th Ave N.W.,395,52,98027
1001641,Center & Pine River Street,396,52,48847
1004380,North end of Main Street,396,52,56142
1006376,130 S. 3rd,397,52,82633
1018907,252 E. Jackson Blvd.,397,52,63755
1018343,Diploma Drive,397,52,54615
1020106,1296South Main St.,397,52,40447
1020108,3034 Welchburg Rd.,397,52,40486
1019263,110 Railroad Avenue,397,52,28779
1018978,23 Central Street,397,52,28779
1021281,2708 Sherman Rd,397,52,53037
1009970,"Town Square, Downtown Janesville",397,52,53545
1008299,"Park and Ride, Stegall Drive",398,52,30143
1021306,925 Chestnut Street,398,52,19107
1020192,10434 watterson trail,398,52,40299
1020090,826 F. M. Stafford Ave.,398,52,41240
1002907,61651 Twentynine Palms Highway,398,52,92252
1018242,350 Whittier,399,52,99801
1005270,21 South Kainalu Drive,399,52,96734
1008375,7300 N. Fresno Street,399,52,93720
1019774,1204 Bank Street,400,52,49001
1005252,1911 Kam IV Road,400,52,96819
1008118,1400 Kalihi Street,400,52,96822
1021264,67-139 Pukalani Road,400,52,96727
1005253,45-660 Keaahala Road,400,52,96788
1005254,91-1049 Kamaaha Loop,400,52,96707
1005255,700 Kalihi Street,400,52,96819
1021748,5000 W National Ave,400,52,
1019003,400 Bear Creek Parkway,400,52,76248
1021369,Outdoor Summer Market 625 52nd Street- Indoor Winter Market 625 57th Street,401,52,53140
1021743,625 52nd Street,401,52,53140
1021349,625 57th Street,401,52,53140
1020011,Kensington train station parking lot,401,52,20895
1021742,4900 Breton Rd SE,401,52,49512
1021567,906 Broad Street,402,52,29020
1010636,105 Moore Road,403,52,27021
1019120,King George Middle School at 8246 Dahlgren Rd,404,52,22485
1003269,Wall Street - Uptown Kingston,405,52,12402
1019491,5870 Kingstowne Towne Center,405,52,22315
1020032,2814 Town Center Circle,405,52,77339
1019266,100 North Elson Street,405,52,63501
1019212,47 Road 6500,406,52,87417
1011117,10 Shapleigh Road,406,52,03904
1021332,107 N 4th St,406,52,63537
1020075,34 Bond Hill Rd,406,52,40906
1021633,3800 Corkscrew Road,406,52,33928
1021244,401 Birch St,406,52,19348
1021250,,407,53,00979
1021345,1835 La Cienega Blvd,407,53,90035
1003343,East Tremont Ave. between Lafontaine Ave& Arthue Ave,407,53,10460
1019986,Tremont Ave between Arthur Ave & LaFontaine Ave,407,53,10457
1020123,100 East Main Street,408,53,40031
1019506,209 Washington Ave,409,53,20646
1019649,106 Godfrey Road West,409,53,06883
1019409,224 E. First Street,409,53,71845
1019103,28214 West Northwest Highway,409,53,60010
1003863,"Millennium Plaza Park, 200 First Street",409,53,97034
1012206,281 Station Street,409,53,12946
1019850,1001 Kingwood ST,410,53,56401
1019851,7915 MN-210,410,53,56425
1019198,6110 Lakeside Avenue,410,53,23228
1002021,1606 lakeside ave.,410,53,23228
1002521,15425 Detroit,410,53,44107
1019427,Chautauqua Ave,411,53,14750
1020051,6434 E Mockingbird Lane,411,53,75218
1019035,610  E. Main St  or Corner of Main St & South Linden St,412,53,50140
1021683,101 N Broad St,412,53,61046
1019852,West Chestnut Street,412,53,43130
1019352,505 College Meadows Drive,413,53,82801
1005352,Lane Event Center (Fairgrounds),414,53,97401
1009803,8th Ave & Oak St.,414,53,97401
1019756,400 Penn Street,414,53,19446
1021291,200 W. Oak St.,414,53,80521
1021661,State Highway 8,415,53,83871
1012344,109 Weatherly Road,415,53,35803
1019030,,416,53,39440
1018834,,417,53,49064
1021324,824 New Hampshire Street,417,53,66044
1021325,1140 Massachusetts Street,417,53,66044
1019450,250 40th Street,417,53,15201
1021647," 9535 US Hwy 51 N, Cobden, IL 62920",418,53,62920
1016810,309 S Lebanon St.,418,53,46052
1018113,579 Exeter Road,419,53,06249
1019158,18402 US Highway 281 N,419,53,78259
1006652,6601 Biscayne Blvd,420,53,33138
1002768,River Street,420,53,49654
1019512,17201 W. 87th St. Pkwy,420,53,66219
1010483,100N. Herritage Street,421,53,2804
1016916,4040 Harrison Ave,421,53,45211
1004651,7785 North State street,422,53,13367
1019503,170 S Fremont St,423,53,55952
1019808,65 Main St.,424,53,04240
1019726,130 East Ave.,424,53,04240
1021470,Worthen Road Practice Field,424,53,02421
1019346,739 Massachusetts Avenue,424,53,02420
1019650,"Liberty Park, 600 East 900 South",424,53,84105
1018927,110 Andi Lane,425,53,15658
1021361,1400 Killian Hill Rd,426,53,30047
1004848,360 Lincoln Street,426,53,89008
1011300,N. Broadway & Sichel,426,53,90031
1020132,N. Broadway & Sichel,426,53,90031
1019304,SW Corner Fort Street & Southfield Road,426,53,48146
1021198,6939 Linda Vista Rd.,426,53,92111
1019167,,426,53,47441
1019678,West Street and Woodruff Lane,427,53,06759
1019679,421 Bantam Rad,427,53,06759
1019631,520 Lucky Road,427,53,65746
1019207,331 West 18th Street,427,53,16502
1019995,555 W Date Street,427,53,92101
1021390,,428,53,71822
1012027,4461 Mineola Ave,428,53,29566
1019538,Miles Band Shell Park,428,53,59047
1018418,29350 W. Chicago,428,53,48150
1018901,1848 Church Street,429,53,24522
1020094,255 John Paul Avenue,430,53,42276
1019494,8990 Lorton Station Blvd,430,53,22079
1005431,"City Hall, 6718 Rio Grande Blvd. NW",431,53,87107
1018919,"Sunset Park, Georgia Street",432,53,63353
1000462,205 Broadway Street,433,53,45140
1016820,3410 N Southport Ave,433,53,60657
1021727,11940 Fulton St,433,53,49331
1011233,Main street,434,53,97885
1018922,5473 Bostwick Street,434,53,13367
1011800,3200 University Ave,434,53,50311
1021257,,435,53,49431
1019622,"EE Lake General Store, 33721 Snickersville Turnpike",436,53,20135
1019177,21060 Whitfield Drive,436,53,20165
1019175,"101 Catoctin Circle, S. E.",436,53,20175
1019176,Gramercy Park Drive and Central Station Drive,436,53,20147
1019940,1219 Main St,437,53,24504
1019435,4th and Grover Street at Centennial Park,437,53,98264
1011538,5239 Floyd Road,438,53,30126
1000481,112 N. John Wayne Dr.,438,53,50273
1012249,Highway 40 E. and 1st St.,438,53,56256
1005201,Central Avenue between Cook Avenue and Main Street,439,53,07940
1012046,"7th Street, between C and B Streets",439,53,97741
1021339,1126 Martin Luther King Jr Way,439,53,98122
1019360,55 South Gammon Road,439,53,53717
1021197,Baldwin Avenue between 7th and 8th St.,440,53,32435
1018407,335 Clark Ave. South,441,53,38024
1005528,South Main at Wheeling,441,53,15301
1006837,401 Main Street,441,53,95667
1011119,Main Street and Highland Ave,442,53,66720
1019706,1030 Main Street,442,53,18431
1021624,South Public Square,443,53,37130
1019752,151 Main Street,444,53,44281
1019501,413 N Milwaukee Ave,444,53,60048
1005256,1527 Keeaumoku Street,444,53,96822
1019969,163 Spruce St.,444,53,06040
1003980,South Broadway and West Main,445,53,59741
1018217,180 Memorial Drive,446,53,49660
1018998,180 N. Maple Street,447,53,49854
1005257,Manoa Rd,447,53,96826
1019111,703 East Broad Street,447,53,76063
1010286,157 E Wapato Way,448,53,98831
1018310,,448,53,50563
1005218,36465 N Hwy 101,449,53,97131
1016799,25719 Maple Valley Black Diamond Road,449,53,98038
1003238,65 Church St,449,53,30060
1021358,1607 Main Street,450,53,54143
1021713,2200 31st St,450,53,52302
1019058,Main and Church,450,53,43302
1019482,2620 23 ST,450,53,68601
1019368,9705 W. 142nd Steet,450,53,60462
1012031,Deville St,450,53,29577
1000242,300 Conti,451,53,36602
1019022,W South Park Ave & Georgia St,452,53,54901
1000616,200 Parkway Street West,452,53,36606
1019185,1301 Biscayne Blvd,452,53,33132
1019866,3510 W 15th Ave,452,53,46404
1019806,Ford Center Plaza 6th and Main St,452,53,47715
1011972,Military Avenue and West Mason Street,452,53,54303
1021341,105 Norton Park Drive,452,53,43213
1019876,,452,53,
1019189,500 Howard Baker Jr Ave,452,53,37915
1019924,317 North Main Street,453,53,71351
1019843,3048 Main Street,454,53,48453
1020190,1933 Mayfield Highway,454,53,42025
1002929,140 Main St  (Route 3A),454,53,02050
1019659,Main St. and Smithwick St.,455,53,27892
1018976,1 Schiber Ct.,455,53,62062
1011139,Founders Square,456,53,37801
1019902,2114 Old Main Street,456,53,41056
1001281,100 block East Maple at Jefferson (in street),457,53,48854
1005642,882 Cummins Hwy,457,53,02126
1003199,57754 Crumstown Hwy,457,53,46619
1019300,101 East Butler Road,458,53,29662
1019968,220 East State Street,458,53,53948
1020145,"299 Wilburn Ross Hwy,",459,53,42647
1019487,2501 Sherwood Hall Lane,459,53,22306
1020134,2165 Central Ave,460,53,95519
1019490,1659 Chain Bridge Rd,460,53,22101
1020081,1041 Old Ekron Rd,461,53,40108
1019634,2501 Mystic Valley Parkway,461,53,02155
1021314,Edgemont Street,461,53,19063
1018908,1000 Youth Center Drive,462,53,57752
1019858,"39 public square, suite 305",462,53,44256
1019759,PO Box 702,463,53,45769
1021209,540 S. Front Street,463,53,38103
1020199,62 Back Street,464,53,40322
1002905,Chestnut & Menlo Avenues,464,53,94025
1019816,800 1st Street & 8th Avenue,465,53,49858
1021357,,465,53,49858
1018093,N. Centre St. & Chestnut Ave.,466,53,08109
1019464,33 E. Broadway Ave.,466,53,83642
1021458,New Street and Pearl Street,466,53,08840
1019137,North Broadway and East 5th Street,467,53,46970
1000021,700 North Lamar Blvd.,467,53,38655
1011076,530 Exchange St,468,53,05753
1020087,,468,53,40243
1019683,12 S Church St,469,53,21769
1019777,,470,53,48640
1012786,"6655 Delmar Blvd, Back Lot",470,53,63130
1005633,500 Main St  Riverside Park,470,53,
1006681,108 West Main Street (Wasson Field),470,53,06460
1009658,94-1150 Lanikuhana Ave.,470,53,96789
1020034,16501 Redland Road,470,53,20855
1020035,16501 Redland Road,470,53,20855
1020038,9601 Medical Center Drive,470,53,20850
1012523,704 South 2nd Street,470,53,55401
1010485,Cotton Avenue,471,53,30442
1018486,6 Village Center Boulevard,471,53,19968
1021454,524 S Layton Blvd,471,53,53215
1019239,115 E. Front St.,472,53,75773
1019716,1200 North Minnetrista Pkwy,472,53,47303
1006069,Historic Downtown Minturn,472,53,81645
1020195,84 Bartlett Street,472,53,94111
1016862,5635 Johnson Drive,472,53,66202
1021493,3100 Roosevelt Ave,472,53,78214
1018939,Circle Square (by the XXXXs),473,53,
1010037,1670 E 120th St,473,53,90059
1001104,1515 SW 10th Avenue,474,53,66604
1006547,20 E. Willow St.,474,53,48162
1012314,10th St and 16th Ave,474,53,53566
1019844,7700 Block of SE Stark Street,474,53,97215
1020166,"6131 La Salle Ave, Oakland, CA 94611",474,53,94611
1004297,Middle Street and Island Street,474,53,35115
1020085,153 South Maysville Street,474,53,40353
1021377,119 W. Washington St.,474,53,31064
1011901,300 West Main Street,475,53,14865
1019507,S. Uncompahgre and S. 1st Street,476,53,81401
1021430,11110 Johnson Drive,476,53,66203
1019480,1400 SE Bybee Blvd,476,53,97202
1018573,Intersection Main and Kennebec,476,53,43756
1018314,Main St. & Indiana St.,476,53,46151
1018317,Monroe & Main St.,476,53,46158
1021252,240 E Washington St.,476,53,46151
1012560,111 North Green Street,477,53,28655
1021656,1411 N. Morningside Drive NE,477,53,30306
1021467,6 Normandy Heights Rd,477,53,07960
1020162,Main St. and Morro Bay Blvd.,477,53,93442
1018926,"400 South Main, Moscow, Idaho 83843",477,53,83843
1005559,1101 Main Street,478,53,54455
1005499,116 E Market Street,478,53,61053
1018991,250 Metacom Ave,478,53,02809
1004717,645 Coleman Boulevard,479,53,29464
1018995,3200 Mt. Pleasant St NW,479,53,20010
1000585,5 Town Park Lane,480,53,21550
1021307,601 Carpenter Lane,480,53,19119
1021288,Broadway Street between Main & University Streets,481,53,48858
1021287,331 N. Main Street,481,53,48858
1021571,320 N.Bardstown rd,482,53,40047
1010316,1155 College Street,483,53,31201
1012725,1301 Muldoon Road,484,53,99504
1018924,"Outside at Books & Brews, 2100 West White River Boulevard",484,53,47303
1018931,Veteran's Drive,485,53,49862
1019857,3235 Sardis Road,485,53,15668
1018903,610 S Valley Way,486,53,99645
1019682,301 Main Street,486,53,21773
1011535,1100 West Street,487,53,94559
1020055,7 Erie Avenue,487,53,12764
1003081,1006 Peachtree St.,488,53,27804
1020017,Common Street,488,53,01760
1021715,22155 S.104th Ave.,489,53,60423
1021642,80 E. Second St.,490,53,80466
1018702,Garrity Way,490,53,02492
1019737,Spring & Jefferson St,490,53,64850
1021634,Rt. 46 & Main Street,490,53,07857
1019908,675 Plainfield St,490,53,02909
1019725,On Washington Street between Main & Front Streets in Historic Downtown,490,53,48047
1012739,1997 Acushnet Ave.,490,53,02745
1012738,1119 Pleasant St.,490,53,02740
1019348,466 Brock Ave,490,53,02740
1012737,101 West Rodney French Blvd,490,53,02744
1021478,1620 S. Seguin Ave,490,53,78130
1021601,1820 Ray Avenue,491,53,49446
1019227,1101 Hwy 69,491,53,53574
1019879,,492,53,
1021632,407 West Tavern St.,493,53,47631
1020043,4775 New Harvest Lane,493,53,37918
1005939,Church St.,493,53,06510
1005991,9200 New Ashcake Road,494,53,23116
1021336,5620 Read Boulevard,494,53,70127
1021549,97 Broadway,494,53,12550
1021708,,495,53,82701
1012044,5 Granite St,495,53,03875
1019240,1 McFadden Place,495,53,92663
1019294,717 N. Main Street,496,53,40356
1019883,,496,53,
1010614,19 Maple Avenue,496,53,06058
1021279,6980 nw hwy 20,496,53,97321
1020066,Shattuck and Vine,496,53,94702
1021518,6241 Main Street,497,53,55056
1021243,1447 North Main Street,497,53,44720
1021434,1000 West Maple St,497,53,44720
1019407,"River Front Park, Rail Road Place",497,53,12843
1018875,417 Blust Ave.,498,53,44903
1021344,311 Bowman St.,498,53,44903
1018184,1st NE and Delaware,499,53,50401
1018550,59 Spruce Street,499,53,43215
1001059,925 First Avenue South,499,53,29582
1004865,Corner of 3rd Ave SW and Broadway,500,53,58701
1009884,100 Spring St,500,53,17201
1018455,37600 New Market Turner Road,500,53,20622
1019640,1401 Laubach Avenue Municipal Park,500,53,18067
1003694,Cherry Lane and Meadow Road,500,53,60062
1006780,University Avenue NE and 7th Avenue NE,500,53,55413
1010755,Corner of Main and Astor,501,53,99114
1002764,105 S. Bay Street,501,53,49670
1018728,9301 tampa ave,501,53,91324
1019815,4222 Hamilton Ave,501,53,45223
1021379,2901 N. Sherman Ave.,501,53,53704
1021554,Corner of 7 Mile and Center Streets,501,53,48167
1019008,2-75 North Broad Street,502,53,13815
1019345,500 Howard Baker Jr Ave,502,53,37915
1020054,543 Beulah Road,502,53,22180
1019127,537 Franklin Avenue,502,53,07110
1019828,Drexel Town Square,502,53,53154
1021566,3051 W STREETSBORO RD,502,53,44286
1019488,3200 Jermantown Road,502,53,22124
1018829,640 Washington Street,502,53,02135
1019223,1300 Capitol Heights Blvd,502,53,20743
1019971,"630 East Lake Drive, SUITE E",502,53,30030
1019353,corner of SE 3rd Street and SE 3rd Avenue,502,53,34471
1001839,4900 Newport Avenue,502,53,92107
1006250,6th Street & Asbury Avenue,503,53,08226
1019200,239 Ocean Parkway,503,53,21811
1021412,3200 Union St,504,53,43906
1021413,67800 Mall Rd,504,53,43950
1001271,"Mailcode L338, 3181 SW Sam Jackson Park Rd",504,53,97239
1021356,4th and Adams,505,53,62701
1020130,North Figueroa & Ave. 58,505,53,90042
1020131,N Figueroa & Ave. 58,505,53,90042
1020146,492 9th street,505,53,94609
1009659,2237 South King Street,505,53,
1010865,300 Courthouse Square,505,53,28516
1021667,89 N Center St,505,53,43147
1019646,700 Capitol Way N,506,53,98501
1018655,67th & Center Street,506,53,68106
1019343,11th & Jackson Street,506,53,68102
1021685,4031 W. Florissant Ave.,507,53,63107
1001034,N7332 Water Circle Place,507,53,54155
1019317,4024 RIchlands Hwy,508,53,28540
1021608,401 Country Club Road,508,53,60014
1018807,525 Orange Center Road,508,53,06477
1020114,303 W. Palm Ave.,508,53,92866
1018920,2042 Park Ave,508,53,32073
1008468,"2051, Kaen Rd, off Beavercreek Rd.",508,53,97045
1019202,16th St. and Canal St.,509,53,95340
1020198,28 Orinda Way,509,53,94563
1008360,22 S. Beach St. (City Hall Plaza),509,53,32174
1019416,101 Michigan Ave.,510,53,83544
1019019,400-500 Blocks N Main St,510,53,54901
1019023,400 & 500 Blocks N Main St & 100 Block Church Ave,510,53,54901
1019025,108 W New York Ave,510,53,54901
1021699,15 Main Street,511,53,60543
1021215,Maple & Market St,512,53,66524
1020023,Main Street,513,53,14521
1021384,459 W. Morgan Street (SR46),514,53,47460
1004212,Corner of Lanier and McClanahan Streets,515,53,27565
1021335,E. Park Place,515,53,45056
1012777,500 South C Street,515,53,93030
1008946,6200 Camp St,515,53,97135
1021721,306 N 2nd Street,516,53,42001
1021722,300 N. 30th St,516,53,42001
1021599,900 E Hwy 372,517,53,89048
1021200,Peck and Union st.,517,53,95076
1019723,675 Oak Tree Road,518,53,10964
1021648,170 Canderlero Dr,519,53,00791
1019102,1400 W Villaret Blvd,519,53,78224
1005248,2007 Palolo Avenue,519,53,96813
1018687,6601 W 127th Street,519,53,60463
1011995,27118 Silver Spur Road,519,53,90274
1021491,Park Square,519,53,66071
1021398,100 W. Emerson,519,53,72450
1019755,3400 Georgia Ave NW,519,53,20009
1019761,3400 Georgia Ave NW,519,53,20010
1006927,"English Landing Park, off Hwy 9 in Parkville MO",519,53,
1019939,3100 N Walker Ave,520,53,73103
1021417,17004 Path Valley Rd,520,53,17262
1019674,Charles Colman Blvd & West Main Street,521,53,12564
1019910,374 Main ST,521,53,02860
1018944,1005 Main Street,521,53,02860
1021735,60 Rhodes Pl,521,53,02905
1019068,Kiwanis Park,522,53,83661
1021389,816 S. Beeline Hwy,523,53,85541
1021718,Madison Street,523,53,43452
1020175,14888 Peaceful Valley Road,523,53,95370
1019685,234 S. Arcola St.,524,53,77515
1018466,555 Bayley Hazen Road,524,53,05862
1019454,23526 TX-71,525,53,78669
1020072,68 Fairgrounds Road,526,53,41040
1021688,Falls Park Drive,526,53,46064
1019854,101 Route 31 N,526,53,08534
1021746,,527,53,72126
1019822,2115 Ferguson Rd.,527,53,66073
1018626,2nd Street between D St and B St,527,53,94952
1018627,Petaluma Blvd S and D St,527,53,94952
1012060,,527,53,01366
1010839,4100 9th St. NW,527,53,20010
1019128,4725 Yadkinville Rd,527,53,27040
1001260,901 Old Austin Hutto Road,527,53,78660
1020126,4128 Warbler Road,527,53,92371
1002060,116 Main St. - opposite Local 111 restaurant,527,53,12565
1020177,1007 E. Jefferson St,527,53,40206
1021494,910 SE Military Dr,527,53,78214
1007245,2914 Sandy Ridge Road,527,53,27235
1010408,910 Rose Avenue,527,53,20852
1021731,5429 Lafayette Road,527,53,46254
1020165,130 Adams Lane,527,53,41501
1021380,Main Street and 1st Ave NW,528,53,55063
1010638,11000 S. Red Road,528,53,33156
1016803,2094 Pitkin Avenue,528,53,11207
1021641,119 E. 11St.,529,53,66762
1018921,SW Corner of Main and Choctaw,530,53,74501
1020005,6201 W. Michigan Ave,530,53,48108
1021572,337 Placerville Drive,530,53,95667
1019328,220 West Washington,531,53,48739
1019885,,532,53,
1012268,554 Allegan St.,533,53,49080
1019344,211 N. Main St.,533,53,49080
1019478,2003 Main Street,534,53,81624
1019616,100 Park Place,534,53,53818
1019615,205 Market Street,534,53,53818
1019884,,534,53,
1020019,12775 W. Millennium,534,53,90094
1008213,2nd Street,535,53,26170
1021455,Memorial Plaza (next to the train station),535,53,10570
1004602,Garro St.,535,53,46563
1011146,38 Davis Drive,535,53,12140
1005259,85-037 Pokai Bay Road,535,53,96792
1021485,675 Ponce de Leon Ave,535,53,30315
1021462,,536,53,61764
1019027,Highland St,536,53,10573
1018986,228 S Ridge Street,536,53,48469
1020037,600 Block Tyler St,536,53,98368
1018474,N McClellan & N Denver,536,53,97217
1018477,NE 7th and Wygant,536,53,97211
1018478,SE 92nd and Reedway,536,53,97266
1018482,SW Park and Montgomery,536,53,97201
1018483,SW Park and Main,536,53,97205
1007797,"City Hall, 1 Junkins Avenue",536,53,03801
1018963,"2824 Prairie Lakes Dr, Ste. 201, Ste. 201",536,53,53590
1019807,5955 W. Broad Street,536,53,43119
1021263,900 Iron Springs Road,537,53,86301
1021501,4300 Silverwood Street,537,53,19127
1019149,100 N 100 E,538,53,84501
1019793,6605 Courts Drive,539,53,23875
1020086,12900 W. Hwy 42,539,53,40059
1018215,25 Hagen Road,540,53,87001
1021617,150 E Spring St,541,53,99163
1019868,717 E Main Street,541,53,20132
1021266,1 Valley Park Drive,541,53,25526
1011596,1 Valley Way,541,53,25526
1003402,"300  S Meridian (COVID operations at corner of  2nd and Main, downtown Puyallup)",541,53,98371
1021618,1700 1st ave,542,53,61201
1019477,326 N Main St,542,53,74363
1010145,W Crockett Street and Queen Anne Ave N,542,53,98109
1005260,Monsarrat and Paki Streets,542,53,96822
1019122,530 W. Main St.,543,53,95971
1019315,128 N. 5th St.,543,53,62301
1021579,777 1st street SW,543,53,87102
1011310,2959 County Road 333,544,53,36278
1019204,1966 Highway 62 West,544,53,72455
1020093,70 Queendale Center,544,53,40913
1019500,Lion's Park,544,53,59068
1001766,307 East Reed Street,544,53,51566
1020024,7711 Goodwood Boulevard,544,53,70806
1021277,5th Street and Main Street,544,53,70801
1003610,6400 Perkins Road,544,53,70808
1019410,12690 SW 280th Street,544,53,33033
1019411,12690 SW 280th Street,544,53,33033
1004750,100 E. State Street,544,53,92373
1004751,100 E. Redlands Boulevard,544,53,92373
1000712,2000 North Dewey Avenue,545,53,53959
1019235,303 S. Scales Street,545,53,27320
1021615,120 Main Street,545,53,21136
1009020,110 W Harrison St.,545,53,47978
1019493,1609 Washington Plaza,545,53,20190
1002843,118 College Ave.,545,53,83440
1018549,47 N 6th St,545,53,47374
1021272,204 S Second St,545,53,47374
1019930,299 Hughitt Street,545,53,53582
1019142,3310 Magnolia St.,546,53,29115
1019145,5484 Carolina Hwy,546,53,29042
1005060,Bradford Street and Route 202,547,53,03461
1021312,1800 Walnut Street,547,53,19103
1021302,1800 Walnut Street,547,53,19103
1019419,30 River Street,548,53,23803
1019312,Center Avenue,549,53,59034
1004073,4650 Queensbury Road,549,53,20737
1019418,116 Dock St.,550,53,28401
1018284,715 Riverside Avenue,551,53,32204
1021409,2800 Riverside Drive,551,53,46208
1000194,10 Pine Ave.,551,53,60546
1019259,303 Williams Blvd,551,53,70062
1019927,320 Ogden Avenue,551,53,07307
1019635,5 S. Walnut Street,551,53,19963
1019070,Main Street,552,53,46783
1019899,1013 13th Ave,553,53,51247
1020173,503 Seventh Street,553,53,61104
1019033,108 Water St.,553,53,30153
1012576,Route 28 & Monroe Street,553,53,20850
1021623,9200 NE Fremont St,553,53,97220
1021606,435 Franklin St,553,53,24151
1019048,North Main Avenue & 8th Street NW,554,53,59422
1011286,12724 Main Street,554,53,55374
1019747,270 County Line Road,555,53,65741
1003969,1492 East Main,555,53,97520
1003970,99 Hawthorne St,555,53,97501
1003971,Oak & N Main,555,53,97520
1018637,500 City Center Dr,555,53,94928
1011778,2720 Kirchoff Road,555,53,60008
1019479,155-199 Hwy 93,555,53,59864
1018349,380 Nassau Road,556,53,11575
1019973,2020 Beatties Ford Road,556,53,28216
1010821,302 S. Broadway Ave.,557,53,75701
1019194,32 Birch St,557,53,02131
1019791,920 Perry Hwy,557,53,15229
1021535,201 University Oaks Blvd,557,53,78665
1021218,3745 Constellation Rd,558,53,93436
1005261,Kupuna Lp/Kupuohi Street,558,53,96797
1019119,"7278 Ladysmith Road, ",559,53,22546
1021451,2645 Whispering Pines Drive,559,53,92382
1003915,US Highway 8 & W. 2nd  Street,559,53,54848
1019620,320 West C St.,560,53,72801
1021646,16290 5th St,560,53,95446
1021503,250 N Union St,561,53,46979
1018975,220 E. Mississippi Avenue,561,53,71270
1019715,Rockfish School Lane,562,53,22920
1019825,700 s third st,562,53,43206
1019734,135 W. Main St,563,53,43072
1002062,768 Broad st,564,53,14779
1005214,3 East Main Street,564,53,24153
1021613,32 Derby Square,564,53,01970
1019211,14 Main Street,564,53,03079
1021546,Gabilan Street,564,53,93901
1004988,S. Ann Arbor Street,564,53,48176
1004990,7265 Saline Ann Arbor Road,564,53,48176
1021724,16 Elm Street,564,53,01952
1002485,2211 NE 139th Street,564,53,98686
1019428,817 West Dupont Road,564,53,46825
1005262,5337 Likini Street,564,53,96818
1021468,5200 Enrique M. Barrera Pkwy,564,53,78227
1009080,100 Alemany Boulevard,564,53,94110
1018449,919 Main St,564,53,04073
1019913,224 Dexter St,564,53,02907
1020185,Jackson Street at Homestead Road,564,53,95050
1021645,50 Mark West Springs Rd.,564,53,95403
1018625,1501 Farmers Lane,564,53,95404
1018315,Courthouse Square & 4th St,564,53,95404
1011160,4587 Woodbine Road,565,53,32571
1007261,152 East Grandview Parkway,566,53,49684
1008303,200 Lake Saracen Drive,566,53,71601
1012203,Riverside Park,566,53,12983
1021577,4350 Thomas Drive,566,53,95435
1007250,115 Main Street,566,53,12477
1021558,600 Chief Justice Cushing Hwy,566,53,02066
1021707,46 Institute Lane,566,53,02857
1012037,"430 Park Ave (Municipal Parking Lot), Scotch Plains, New Jersey 07076",566,53,07076
1019627,Rt. 14 & Rt. 97,566,53,06264
1020088,corner of North Broadway and Washington Street,566,53,40324
1019515,61 Main St.,566,53,14546
1019445,5081 Carbondale Drive,566,53,43232
1018167,1 Blue Hawk Drive,566,53,03833
1018172,141 Rollins Road,567,53,03869
1019237,410 Main Street,568,53,77474
1021693,200 W Fair Street,569,53,72650
1021664,1140 Broadway,569,53,97138
1021233,2868 NC-345,570,53,27981
1018773,2233 W 16th St,571,53,65301
1019610,100 north main st.,571,53,27101
1019442,15 Water Street,571,53,13148
1019395,Herman Dierks Park   604 East Hayes Avenue,572,53,71832
1021700,529 Seward St,573,53,68434
1010838,123 Mulberry Street,574,53,28470
1019455,235 S. Washington Street,575,53,54166
1021429,11110 Johnson Drive,575,53,66203
1001280,Hwys 44 and 59,575,53,51537
1019976,151 W Washington Street,575,53,46176
1020103,170 W. Joe B. Hall Avenue,575,53,40165
1018988,5300 Philadelphia Dr.,575,53,45415
1019319,15415 Westminster Way,575,53,98133
1012179,3400 Estabrook Parkway,575,53,53211
1020004,101 Crockett Street,576,53,71101
1021397,205 Jefferson Street,576,53,72761
1018771,901 N Pope ST,576,53,88061
1021219,"3025 Highway 180 E, Silver City, NM 88061",576,53,88061
1011044,1500 Griffith Park Blvd,576,53,90026
1016822,10 Station Ave,577,53,83837
1018601,2222 Bucklin Hill Rd,577,53,98383
1011811,2757 Tapo Canyon rd,577,53,93093
1010560,100 Pearl Street,578,53,51101
1003169,611 Lincoln Street,579,53,99835
1018814,6475 Columbus Rd SE,580,53,88030
1019869,"Gateway Park, 100 Midway Street",580,53,16057
1020163,224 Tank Farm Rd,580,53,93401
1010014,110 Ag. Center lane,580,53,37030
1021675,"225 elm st, 4",580,53,93060
1020022,3315 Hyland,580,53,92626
1019926,58 West Main Street,580,53,14551
1020159,636 Center Street,580,53,42102
1003836,444 South Cedros Avenue,580,53,92075
1019829,193 E. Corral Ave,580,53,99669
1019671,800 Georgian Place,580,53,15501
1020039,167 Holland Street,580,53,02144
1020040,50 Cross Street,580,53,02145
1011934,530 Mystic Avenue,580,53,02145
1011935,24 North Street,580,53,02144
1019803,4750 Soutel Dr,580,53,32208
1020067,Adeline at 63rd Street,580,53,94703
1021697,6060 Collier Blvd,581,53,34114
1019385,39 Ballpark Road,581,53,37375
1018138,900 Fuller Ave SE,581,53,49506
1021214,2000 South Blvd.,581,53,28203
1019599,3309 W. Hwy 29,581,53,78628
1002526,105 W. Danville Street,581,53,23970
1019915,2 Salt Pond Rd,581,53,02879
1021573,2748 Young Street,581,53,96150
1019511,110 W. Liberty,581,53,48178
1010997,6130 Sunset Dr,581,53,33143
1010445,11th and Milwaukee Avenues,581,53,53172
1021553,12 Sloan Street,581,53,07079
1019091,Alder Street and Cedar Avenue,581,53,18505
1018098,Lake & Illinois Avenues,581,53,64504
1021563,3508 S Moody Avenue,581,53,97239
1021589,220 Nevers Rd.,581,53,06074
1002063,1900 Constitution Ave,581,53,14760
1019979,8505 Durand Ave,581,53,53177
1021326,Wadsworth and Bowles,581,53,80123
1005560,497 Farmers Market Drive,581,53,24343
1019305,18917 Joy Road,581,53,48228
1018952,23500 US Hwy 160,582,53,81089
1021568,1231 Pyramid Way,583,53,89431
1019173,1068 Main Street,583,53,46224
1019784,4600 Spotsylvania Parkway,584,53,22407
1019452,12150 Gordon Road,584,53,22407
1019782,12150 Gordon Road,584,53,22170
1021394,992 E. Emma Ave.,584,53,72764
1003588,Public Square,584,53,38606
1021670,9660 Wicker Avenue,584,53,46373
1018312,N.Lombard and N.Philidelphia,584,53,97203
1021466,300 North Mill Street,584,53,48880
1019628,,585,53,83861
1020176,4100 Shelbyville Rd,585,53,40207
1019675,204 S Talbot St,586,53,21663
1007810,210 Holyoke,587,53,55044
1012278,First Street and First Avenue South,588,53,33701
1021483,4280 N. Campbell Rd,589,53,85718
1012766,31 Main Street,589,53,06076
1018211,1000 N. First St.,590,53,28001
1021526,Third Ave & Florence St,590,53,97383
1012100,One Armory Square,590,53,01102
1018918,180 Airport Road,590,53,17257
1021333,392 Main St,590,53,65565
1021334,"Hoppe Spring Park, Church Street",590,53,65565
1010057,301 Spring Street,590,53,37130
1019526,1567 Pilgrim Drive,590,53,44224
1018451,1799 Mountain Road,591,53,05672
1012116,524 N. Main Street,591,53,23434
1019545,380 W. Crosier St.,591,53,44311
1019036,200 Miller road,592,53,29153
1019112,"4138 Main St, Unit A",592,53,80547
1007271,one Ardovino Dr,592,53,88063
1020186,Murphy Avenue at Washington Avenue,592,53,94086
1021432,"Superior Food Court, Main Street",593,53,85173
1009707,Intersection of Surfside Drive and Willow Drive,593,53,29575
1008173,Veteran's Pkwy & Surfside Blvd,593,53,33991
1020149,501 Main,593,53,96104
1019481,N1915 Julius Dr,593,53,54942
1021643,422 Guadalupe St,593,53,78701
1021644,3200 Jones Rd,593,53,78745
1002765,Intersection of M22 & M204,593,53,49682
1019981,330 Town Center Ave,593,53,30024
1021313,121 Park Avenue,593,53,19081
1018923,6942 West Comanche Avenue,593,53,33634
1019015,400 N Lake Blvd,594,53,96145
1020036,13101 So. Virginia Street,594,53,89511
1018476,400 Camina de la Placita,595,53,87571
1020073,751 Taylorsville Rd,596,53,40071
1011738,Main Street at West Court Street,596,53,29601
1019138,28 Main St,596,53,03452
1003982,South Oak St,597,53,81435
1020147,5300 Claremont Ave.,597,53,94618
1019075,11302 N 56th St,597,53,33617
1021694,po Box 554,597,53,98589
1018994,3380 Chicago Dr.,597,53,49426
1010998,2800 Poplar Street,598,53,47803
1000710,"Lakeline Mall parking lot, behind Sears & Dillard's",598,53,78613
1021616,2006 Philomena St.,598,53,78723
1018279,7110 West Q Ave,598,53,49009
1021235,113 Market Street,598,53,28723
1021204,Towncenter lane,598,53,22911
1020049,2 S Artillery Dr,598,53,29150
1019047,7 Ballpark way,598,53,04064
1019933,Pitts Street and Commerce Street,598,53,21811
1021203,Lancaster BLVD,598,53,93534
1019596,111 Capitol Heights Blvd,598,53,20743
1018959,One Public Square,598,53,37040
1021254,2200 Walker Avenue,598,53,27403
1019181,183 main street,598,53,12518
1019303,001 - 1st Street,599,53,81130
1019544,13060 Factory Lane,599,53,40245
1019775,411 Wessel Drive,599,53,45014
1019931,Main St,600,53,88042
1019948,"250 Jackson Street, 5th Floor",600,53,01852
1019166,3900 Campus Drive,600,53,20742
1019626,156 Sterling City Road,600,53,06371
1019751,1686 county road 517,600,53,07820
1021304,The Singing Fountain,600,53,19147
1019697,1335 Donald Lee Hollowell Parkway,600,53,
1019700,3800 Main Street,600,53,30337
1019699,30 Alabama Street SW,600,53,30303
1019698,70 Hamilton E. Holmes,600,53,30311
1019696,,600,53,
1021276,11939 Madera Run Pkwy,600,53,77346
1021619,"213 Market St SE 3rd Floor, Downtown Roanoke Inc.",600,53,24011
1012357,19305 Gulf Blvd,600,53,33785
1019001,210 Center Ave,600,53,26452
1021659,1408 Short Eleventh St,600,53,62656
1019504,66 East Mill Road,600,53,07853
1019966,194 Second St.,601,53,24521
1018422,492 Hill St.,602,53,54941
1021702,801 W Washington St.,602,53,46204
1016917,1st and Gjoa,603,53,99833
1019928,611 Doug Baker Blvd,603,53,35242
1011497,12025 Susquehanna Trail S,603,53,17327
1019517,7 Fan Hill Road,603,53,06468
1002101,135 East Main st,603,53,01364
1019739,14697 Delaware St,603,53,80023
1019826,401 NE Second St.,603,53,97030
1019975,3220 E 3rd St.,603,53,47403
1018628,320 N McDowell Blvd,603,53,94954
1018624,Parking lot at Boyes Blvd & Hwy 12,603,53,95476
1021499,304 Armstrong Blvd n,604,53,56081
1000278,2000 Territory Drive,605,53,61036
1020015,225 Main St,606,53,07424
1010798,625 Booth Street,606,53,89509
1012799,2242 N. Main St.,606,53,05148
1021586,5329 Oleander Dr,606,53,28403
1008826,250 First Street,607,53,95695
1008827,Corner of Cottonwood and Gibson Rd,607,53,95695
1019228,Corner of 3rd Street and Duluth Ave.,608,53,56701
1017961,"Avenue of the Flags, San Rafael , California 94903",608,53,94903
1009802,Burnham Street at Main Street,608,53,
1021562,11652 Hydetown Road,608,53,16354
1021744,10 Quintal Drive,608,53,02878
1021447,235 E. Henri De Tonti Blvd,608,53,72770
1019963,21st & Main Street,609,53,82240
1021490,7720 Harwood Ave,609,53,53213
1019393,410 N. Main Street,609,53,24343
1019213,Main Street,609,53,36276
1006324,6573 Route 30,609,53,05359
1021745,235 Trailblazer Lane,609,53,29690
1019638,95 Coral Reef,610,53,15801
1021343,1200 Startkweather Ave,610,53,44113
1018933,Trout Creek Park,611,53,59874
1020002,Riverfront Park,611,53,12180
1019632,175 Monroe Road,611,53,35759
1018397,6th and Madison Streets,611,53,47404
1021576,200 Park Street,611,53,95453
1018283,415 South Spring Street,611,53,38804
1019349,1900 Jack Warner Pkwy,612,53,35401
1012573,Main Street City Park and Fairgrounds,612,53,59754
1005493,106 Avenue A,613,53,61081
1006169,,614,53,54241
1018968,106 Lakeside Drive,614,53,29379
1019215,290 Farmers Market Way,614,53,30512
1019925,115 Durham Drive,614,53,37807
1010158,280 Common Road,614,53,04862
1019540,66-70 Union Square,614,53,02143
1018634,4949 Celebration Pointe Ave,614,53,32608
1021305,3600 Walnut Street,614,53,19104
1019764,2850 Tremont Rd,614,53,43221
1021726,4620 N. Broadway,614,53,60640
1001886,Fifth Street and Evans Street,615,53,27858
1019105,220 Maxwell Avenue,616,53,29646
1019448,62 N. State St.,616,53,43081
1019342,2752 Buffalo Speedway,616,53,77027
1018852,102 Capitol Ave,616,53,52345
1019498,9020 Amelung Street,616,53,21704
1005631,Corner 12th St. & Independence Ave. SW,616,53,20250
1001999,"Chancellor Park, Elizabeth St.",616,53,13501
1018535,210 Southpark Dr.,617,53,27536
1019692,Galleria Shoppes at Vanderbilt,617,53,34109
1012325,17519 Vashon Highway SW,617,53,98070
1018597,Main and Market Streets,617,53,57069
1018598,515 High Street,617,53,57069
1019078,Depot Park (at the Walmart Shopping Plaza),617,53,05701
1019080,251 West Street,617,53,05701
1019182,PO Box 873,618,53,64772
1019952,Lakeview Parkway and Hawthorn Parkway,618,53,60061
1020048,18 Gov Center Ln,619,53,24482
1012247,300 N. Richardson,619,53,49097
1019513,2805 North Navarro,620,53,77901
1012297,5106 Fleet Ave,620,53,44105
1018155,165 N Washington St,620,53,49042
1019645,Stephen Street & Talcott Avenue (behind LaDolce Vita),620,53,60439
1019156,5127 Oakton Street,620,53,60077
1006342,102 N. Second St.,620,53,47591
1021297,212 E 1st Street,621,53,62269
1018214,100 W. Shaw,621,53,93704
1021487,1017 North Highland Avenue NE,621,53,30306
1021251,3250 S. Miami Ave,621,53,33129
1018504,195 Main Street,621,53,06384
1001925,68 Maple Ave.,621,53,12186
1010394,Main Street West & Allegheny Avenue next to Hills Hardware,622,53,55981
1019155,500 Washington Avenue,623,53,76701
1021537,115 S Main Street,624,53,74467
1005268,1139 A Kilani Avenue,624,53,96786
1004574,Corner of 7th and Beech,625,53,68066
1005263,98-1650 Kaahumanu Street,625,53,96782
1005269,94-870 Lumiana Street,625,53,96767
1005264,41-741 Kalanianaole Highway.,625,53,96795
1005266,94-230 Paiwa Street,625,53,96767
1019489,8100 Braddock Road,625,53,22003
1021340,4800 Meridian Ave N,625,53,98103
1020197,1799 Locust Street,625,53,94596
1018219,,626,53,52501
1021366,23400 Park Road 12,626,53,77880
1018552,3211 Harborview Drive,626,53,98335
1020021,22 Locust Street,626,53,13165
1019394,690 Thomaston Rd.,626,53,06795
1018319,501 7th St SE,627,53,58854
1001962,850 Rossville Road,628,53,52172
1011229,1460 n Augusta Ave,629,53,31503
1019613,149 South Main Street,629,53,49348
1004499,397 Boston Post Road,629,53,01778
1019016,Center & Main,629,53,84775
1021559,200 Willow Ave. Route 6,629,53,18431
1012485,Warren and Woodward Ave,629,53,48202
1020047,215 McElroy St.,630,53,22980
1019124,High Street,630,53,15370
1021709,41 Grove Avenue,630,53,02914
1021452,106 East Tracy Street,630,53,64870
1006093,Baker's Island,630,53,26288
1000384,"1028 Ridge Road, Webster Towne Center",630,53,14580
1019864,Wayne Avenue & Hospital Rd,630,53,15701
1012212,1 State Street,630,53,83672
1019641,2931 Monroe Avenue,630,53,51555
1019114,200 Main Street,630,53,02667
1002890,4394 W Washington Blvd.,630,53,90016
1002280,851 Couvillion St,630,53,71355
1019067,1210 Patterson Ave. SW,630,53,24016
1021569,355 Main Street,630,53,06516
1018650,1600 Purdue Ave.,630,53,90025
1011203,3065 N Salisbury St,630,53,47906
1019424,80 Main Street,630,53,07052
1019657,1380 Bill Virdon Blvd.,630,53,65775
1019877,,630,53,
1002177,Main street,630,53,10928
1016908,2233 W Division St,630,53,60622
1019911,186 Providence St,630,53,02893
1012204,19251 N Westbrook Parkway,630,53,85382
1010319,10503 Westheimer Road,630,53,77042
1019509,"315 Main Street, Jess Price Park",630,53,81252
1021367,61-85 Main Street,630,53,02891
1019364,Main and 11th st,631,53,25962
1019444,21 South State Street,631,53,43081
1021274,36 Court St,631,53,01085
1019797,2925 W. Broad Street,631,53,43204
1021246,1901 N. Carlson,631,53,48185
1002816,21-33 Academy St. (Town Common),631,53,01473
1020070,9705 Westport Road,631,53,40241
1001661,750 University Row,631,53,53705
1021217,750 University Row,631,53,53705
1004515,510 W. Ottawa St.,631,53,48933
1005280,Corner of Western Drive and Mission St.,631,53,95060
1020020,1030 Broxton St,631,53,90024
1021258,1 Wildcat Way,631,53,02190
1020010,105 College Street,631,53,37188
1021488,1501 W White Mountain Blvd,632,53,85929
1019955,26 White St.,632,53,72632
1019392,3379 Millbranch Road,632,53,38116
1020157,NIBROC Park,633,53,40771
1020156,Billwoods Park,633,53,40769
1019221,2608 Blaisdell Ave S,633,53,55408
1021495,4412 Callaghan Rd,633,53,78228
1021497,4020 Naco Perrin,633,53,78217
1021498,802 Pecan Valley,633,53,78220
1021496,630 S General McMullen,633,53,78237
1019878,,634,53,
1019069,8116 19th St,635,53,79407
1018274,842 CBD Loop,636,53,28659
1019652,225 Penn Avenue,636,53,15221
1021720,345 W. Duke of Gloucester Street,637,53,23185
1019337,54 3rd. Ave. W.,638,53,25661
1020187,1425 Lincoln Avenue,638,53,95125
1019433,Larawy Rd,638,53,01890
1019369,Meridian & Washington St.,638,53,47394
1011274,1262 Winchester Rd,638,53,35811
1021231,9950 E CORNVILLE RD,638,53,86325
1019229,Market Street,638,53,75494
1019848,323 Vermont Avenue,638,53,37830
1019653,333 Main Street,638,53,54301
1019449,420 W. 1st St.,638,53,82601
1018925,883 Highland Avenue SE,638,53,28602
1019463,100-198 1st Avenue South,638,53,54495
1008231,309 E. Main Street,639,53,24293
1019845,"570 Brevard Road, Asheville, NC  28806",639,53,28806
1020158,640 S KY 15,640,53,41301
1009027,233 South Main St,640,53,03894
1019098,8924 CR 7100,640,53,79382
1020138,N. Gratz St.,641,53,40347
1020168,525 Marsailles Road,641,53,40383
1019038,6 Maple Lane,641,53,12498
1005140,Market Street and Elm Street,641,53,30188
1021317,11900 Country Club Rd.,641,53,60098
1021386,112 S. Benton St.,641,53,60098
1021385,112 S. Benton St.,641,53,60098
1011337,13th St. and Locust Ave.,642,53,73801
1021328,2250 W Sunstone Dr,642,53,47403
1019912,450 Clinton St,642,53,02895
1007309,Middletown Grange 576 Penns Park Road,643,53,18940
1017915,210 W. Spring Street,644,53,24368
1019708,65 N. Main St.,644,53,19067
1018508,"Buttonwood Drive, Buttonwood Park",644,53,19067
1007259,"Main Street, North of Elm Street",645,53,14527
1002366,1940 North 30th Road,646,53,33021
1019508,1901 South Tiger Drive,646,53,47396
1019247,800 Towne and County BLVD.,646,53,77024
1019245,23501 Cinco Ranch BLVD.,646,53,77494
1019246,4503 Canyon Village  Trace Dr.,646,53,77396
1019250,14303 West Lake Houston Parkway,646,53,77044
1019242,17317 Cathedral Pines Drive,646,53,77346
1019244,9945 Barker Cypress Road,646,53,77443
1019327,16 S Washington,646,53,48197
1016909,1712 Fairlane Road,646,53,96097
1021545,12062 California St,646,53,92399
1019863,103 N Arendell Ave,646,53,27597
1019792,Beaver Street and South Division Street,646,53,16063
